systems.glam.sdk.GlamAccountClient,priceBridgeManagedTransfers,247,NullReturnValsMutator,NO_COVERAGE
systems.glam.sdk.GlamAccountClient,priceDriftUsers,101,NullReturnValsMutator,NO_COVERAGE
systems.glam.sdk.GlamAccountClient,priceDriftVaultDepositors,116,NullReturnValsMutator,NO_COVERAGE
systems.glam.sdk.GlamAccountClient,priceExternalPositions,171,NullReturnValsMutator,NO_COVERAGE
systems.glam.sdk.GlamAccountClient,priceKaminoObligations,127,NullReturnValsMutator,NO_COVERAGE
systems.glam.sdk.GlamAccountClient,priceKaminoVaultShares,143,NullReturnValsMutator,NO_COVERAGE
systems.glam.sdk.GlamAccountClient,priceLoopscaleLoans,180,NullReturnValsMutator,NO_COVERAGE
systems.glam.sdk.GlamAccountClient,priceLoopscaleStrategies,189,NullReturnValsMutator,NO_COVERAGE
systems.glam.sdk.GlamAccountClient,priceLoopscaleVaultPositions,200,NullReturnValsMutator,NO_COVERAGE
systems.glam.sdk.GlamAccountClient,priceMarginfiAccounts,229,NullReturnValsMutator,NO_COVERAGE
systems.glam.sdk.GlamAccountClient,priceOrcaWhirlpoolPositions,211,NullReturnValsMutator,NO_COVERAGE
systems.glam.sdk.GlamAccountClient,pricePhoenixTraders,238,NullReturnValsMutator,NO_COVERAGE
systems.glam.sdk.GlamAccountClient,priceStakeAccounts,220,NullReturnValsMutator,NO_COVERAGE
systems.glam.sdk.GlamAccountClientImpl,adaptPermissions,67,NullReturnValsMutator,NO_COVERAGE
systems.glam.sdk.GlamAccountClientImpl,createAccount,133,NullReturnValsMutator,NO_COVERAGE
systems.glam.sdk.GlamAccountClientImpl,createAccountWithSeed,141,NullReturnValsMutator,NO_COVERAGE
systems.glam.sdk.GlamAccountClientImpl,createEscrowAssociatedTokenIdempotent,235,NullReturnValsMutator,NO_COVERAGE
systems.glam.sdk.GlamAccountClientImpl,priceDriftUsers,323,NullReturnValsMutator,NO_COVERAGE
systems.glam.sdk.GlamAccountClientImpl,priceDriftUsers,333,RemoveConditionalMutator_EQUAL_ELSE,NO_COVERAGE
systems.glam.sdk.GlamAccountClientImpl,priceDriftUsers,333,RemoveConditionalMutator_EQUAL_IF,NO_COVERAGE
systems.glam.sdk.GlamAccountClientImpl,priceDriftVaultDepositors,348,NullReturnValsMutator,NO_COVERAGE
systems.glam.sdk.GlamAccountClientImpl,priceDriftVaultDepositors,358,RemoveConditionalMutator_EQUAL_ELSE,NO_COVERAGE
systems.glam.sdk.GlamAccountClientImpl,priceDriftVaultDepositors,358,RemoveConditionalMutator_EQUAL_IF,NO_COVERAGE
systems.glam.sdk.GlamAccountClientImpl,priceKaminoObligations,373,NullReturnValsMutator,NO_COVERAGE
systems.glam.sdk.GlamAccountClientImpl,priceKaminoObligations,383,RemoveConditionalMutator_EQUAL_ELSE,NO_COVERAGE
systems.glam.sdk.GlamAccountClientImpl,priceKaminoObligations,383,RemoveConditionalMutator_EQUAL_IF,NO_COVERAGE
systems.glam.sdk.GlamAccountClientImpl,priceKaminoVaultShares,395,NullReturnValsMutator,NO_COVERAGE
systems.glam.sdk.GlamAccountClientImpl,priceKaminoVaultShares,405,RemoveConditionalMutator_EQUAL_ELSE,NO_COVERAGE
systems.glam.sdk.GlamAccountClientImpl,priceKaminoVaultShares,405,RemoveConditionalMutator_EQUAL_IF,NO_COVERAGE
systems.glam.sdk.GlamAccountClientImpl,updateState,413,NullReturnValsMutator,NO_COVERAGE
systems.glam.sdk.GlamAccounts,createMapper,70,NullReturnValsMutator,NO_COVERAGE
systems.glam.sdk.GlamAccounts,main,170,VoidMethodCallMutator,NO_COVERAGE
systems.glam.sdk.GlamAccountsBuilder,bridgeIntegrationProgram,136,NullReturnValsMutator,SURVIVED
systems.glam.sdk.GlamAccountsBuilder,bridgeIntegrationProgram,140,NullReturnValsMutator,SURVIVED
systems.glam.sdk.GlamAccountsBuilder,createKey,57,RemoveConditionalMutator_EQUAL_ELSE,SURVIVED
systems.glam.sdk.GlamAccountsBuilder,driftIntegrationProgram,157,NullReturnValsMutator,NO_COVERAGE
systems.glam.sdk.GlamAccountsBuilder,externalPositionProgram,162,NullReturnValsMutator,SURVIVED
systems.glam.sdk.GlamAccountsBuilder,externalPositionProgram,166,NullReturnValsMutator,SURVIVED
systems.glam.sdk.GlamAccountsBuilder,jupiterIntegrationProgram,171,NullReturnValsMutator,SURVIVED
systems.glam.sdk.GlamAccountsBuilder,jupiterIntegrationProgram,175,NullReturnValsMutator,SURVIVED
systems.glam.sdk.GlamAccountsBuilder,loopscaleIntegrationProgram,189,NullReturnValsMutator,SURVIVED
systems.glam.sdk.GlamAccountsBuilder,loopscaleIntegrationProgram,193,NullReturnValsMutator,SURVIVED
systems.glam.sdk.GlamAccountsBuilder,marginFiIntegrationProgram,198,NullReturnValsMutator,SURVIVED
systems.glam.sdk.GlamAccountsBuilder,marginFiIntegrationProgram,202,NullReturnValsMutator,SURVIVED
systems.glam.sdk.GlamAccountsBuilder,marinadeIntegrationProgram,207,NullReturnValsMutator,SURVIVED
systems.glam.sdk.GlamAccountsBuilder,marinadeIntegrationProgram,211,NullReturnValsMutator,SURVIVED
systems.glam.sdk.GlamAccountsBuilder,neutralTradeIntegrationProgram,216,NullReturnValsMutator,SURVIVED
systems.glam.sdk.GlamAccountsBuilder,neutralTradeIntegrationProgram,220,NullReturnValsMutator,SURVIVED
systems.glam.sdk.GlamAccountsBuilder,orcaIntegrationProgram,225,NullReturnValsMutator,SURVIVED
systems.glam.sdk.GlamAccountsBuilder,orcaIntegrationProgram,229,NullReturnValsMutator,SURVIVED
systems.glam.sdk.GlamAccountsBuilder,phoenixIntegrationProgram,234,NullReturnValsMutator,SURVIVED
systems.glam.sdk.GlamAccountsBuilder,phoenixIntegrationProgram,238,NullReturnValsMutator,SURVIVED
systems.glam.sdk.GlamAccountsBuilder,putIfNotNull,63,RemoveConditionalMutator_EQUAL_IF,SURVIVED
systems.glam.sdk.GlamAccountsBuilder,stakePoolIntegrationProgram,252,NullReturnValsMutator,SURVIVED
systems.glam.sdk.GlamAccountsBuilder,stakePoolIntegrationProgram,256,NullReturnValsMutator,SURVIVED
systems.glam.sdk.GlamStagingAccountClientImpl,closeTokenAccount,99,NullReturnValsMutator,NO_COVERAGE
systems.glam.sdk.GlamStagingAccountClientImpl,createStateAccountClient,31,RemoveConditionalMutator_EQUAL_ELSE,NO_COVERAGE
systems.glam.sdk.GlamStagingAccountClientImpl,createStateAccountClient,31,RemoveConditionalMutator_EQUAL_IF,NO_COVERAGE
systems.glam.sdk.GlamStagingAccountClientImpl,createStateAccountClient,53,RemoveConditionalMutator_EQUAL_ELSE,NO_COVERAGE
systems.glam.sdk.GlamStagingAccountClientImpl,createStateAccountClient,53,RemoveConditionalMutator_EQUAL_IF,NO_COVERAGE
systems.glam.sdk.GlamStagingAccountClientImpl,createStateAccountClient,57,RemoveConditionalMutator_EQUAL_ELSE,NO_COVERAGE
systems.glam.sdk.GlamStagingAccountClientImpl,createStateAccountClient,57,RemoveConditionalMutator_EQUAL_IF,NO_COVERAGE
systems.glam.sdk.GlamStagingAccountClientImpl,createStateAccountClient,64,NullReturnValsMutator,NO_COVERAGE
systems.glam.sdk.GlamStagingAccountClientImpl,fulfill,142,NullReturnValsMutator,NO_COVERAGE
systems.glam.sdk.GlamStagingAccountClientImpl,priceBridgeManagedTransfers,476,NullReturnValsMutator,NO_COVERAGE
systems.glam.sdk.GlamStagingAccountClientImpl,priceBridgeManagedTransfers,486,RemoveConditionalMutator_EQUAL_ELSE,NO_COVERAGE
systems.glam.sdk.GlamStagingAccountClientImpl,priceBridgeManagedTransfers,486,RemoveConditionalMutator_EQUAL_IF,NO_COVERAGE
systems.glam.sdk.GlamStagingAccountClientImpl,priceDriftUsers,192,NullReturnValsMutator,NO_COVERAGE
systems.glam.sdk.GlamStagingAccountClientImpl,priceDriftUsers,202,RemoveConditionalMutator_EQUAL_ELSE,NO_COVERAGE
systems.glam.sdk.GlamStagingAccountClientImpl,priceDriftUsers,202,RemoveConditionalMutator_EQUAL_IF,NO_COVERAGE
systems.glam.sdk.GlamStagingAccountClientImpl,priceDriftVaultDepositors,217,NullReturnValsMutator,NO_COVERAGE
systems.glam.sdk.GlamStagingAccountClientImpl,priceDriftVaultDepositors,227,RemoveConditionalMutator_EQUAL_ELSE,NO_COVERAGE
systems.glam.sdk.GlamStagingAccountClientImpl,priceDriftVaultDepositors,227,RemoveConditionalMutator_EQUAL_IF,NO_COVERAGE
systems.glam.sdk.GlamStagingAccountClientImpl,priceKaminoObligations,242,NullReturnValsMutator,NO_COVERAGE
systems.glam.sdk.GlamStagingAccountClientImpl,priceKaminoObligations,252,RemoveConditionalMutator_EQUAL_ELSE,NO_COVERAGE
systems.glam.sdk.GlamStagingAccountClientImpl,priceKaminoObligations,252,RemoveConditionalMutator_EQUAL_IF,NO_COVERAGE
systems.glam.sdk.GlamStagingAccountClientImpl,priceKaminoVaultShares,264,NullReturnValsMutator,NO_COVERAGE
systems.glam.sdk.GlamStagingAccountClientImpl,priceKaminoVaultShares,274,RemoveConditionalMutator_EQUAL_ELSE,NO_COVERAGE
systems.glam.sdk.GlamStagingAccountClientImpl,priceKaminoVaultShares,274,RemoveConditionalMutator_EQUAL_IF,NO_COVERAGE
systems.glam.sdk.GlamStagingAccountClientImpl,priceLoopscaleLoans,325,NullReturnValsMutator,NO_COVERAGE
systems.glam.sdk.GlamStagingAccountClientImpl,priceLoopscaleLoans,335,RemoveConditionalMutator_EQUAL_ELSE,NO_COVERAGE
systems.glam.sdk.GlamStagingAccountClientImpl,priceLoopscaleLoans,335,RemoveConditionalMutator_EQUAL_IF,NO_COVERAGE
systems.glam.sdk.GlamStagingAccountClientImpl,priceLoopscaleStrategies,346,NullReturnValsMutator,NO_COVERAGE
systems.glam.sdk.GlamStagingAccountClientImpl,priceLoopscaleStrategies,356,RemoveConditionalMutator_EQUAL_ELSE,NO_COVERAGE
systems.glam.sdk.GlamStagingAccountClientImpl,priceLoopscaleStrategies,356,RemoveConditionalMutator_EQUAL_IF,NO_COVERAGE
systems.glam.sdk.GlamStagingAccountClientImpl,priceLoopscaleVaultPositions,368,NullReturnValsMutator,NO_COVERAGE
systems.glam.sdk.GlamStagingAccountClientImpl,priceLoopscaleVaultPositions,378,RemoveConditionalMutator_EQUAL_ELSE,NO_COVERAGE
systems.glam.sdk.GlamStagingAccountClientImpl,priceLoopscaleVaultPositions,378,RemoveConditionalMutator_EQUAL_IF,NO_COVERAGE
systems.glam.sdk.GlamStagingAccountClientImpl,priceMarginfiAccounts,434,NullReturnValsMutator,NO_COVERAGE
systems.glam.sdk.GlamStagingAccountClientImpl,priceMarginfiAccounts,444,RemoveConditionalMutator_EQUAL_ELSE,NO_COVERAGE
systems.glam.sdk.GlamStagingAccountClientImpl,priceMarginfiAccounts,444,RemoveConditionalMutator_EQUAL_IF,NO_COVERAGE
systems.glam.sdk.GlamStagingAccountClientImpl,priceOrcaWhirlpoolPositions,391,NullReturnValsMutator,NO_COVERAGE
systems.glam.sdk.GlamStagingAccountClientImpl,priceOrcaWhirlpoolPositions,401,RemoveConditionalMutator_EQUAL_ELSE,NO_COVERAGE
systems.glam.sdk.GlamStagingAccountClientImpl,priceOrcaWhirlpoolPositions,401,RemoveConditionalMutator_EQUAL_IF,NO_COVERAGE
systems.glam.sdk.GlamStagingAccountClientImpl,pricePhoenixTraders,455,NullReturnValsMutator,NO_COVERAGE
systems.glam.sdk.GlamStagingAccountClientImpl,pricePhoenixTraders,465,RemoveConditionalMutator_EQUAL_ELSE,NO_COVERAGE
systems.glam.sdk.GlamStagingAccountClientImpl,pricePhoenixTraders,465,RemoveConditionalMutator_EQUAL_IF,NO_COVERAGE
systems.glam.sdk.GlamStagingAccountClientImpl,priceSingleAssetVault,284,NullReturnValsMutator,NO_COVERAGE
systems.glam.sdk.GlamStagingAccountClientImpl,priceSingleAssetVault,292,RemoveConditionalMutator_EQUAL_ELSE,NO_COVERAGE
systems.glam.sdk.GlamStagingAccountClientImpl,priceSingleAssetVault,292,RemoveConditionalMutator_EQUAL_IF,NO_COVERAGE
systems.glam.sdk.GlamStagingAccountClientImpl,priceStakeAccounts,413,NullReturnValsMutator,NO_COVERAGE
systems.glam.sdk.GlamStagingAccountClientImpl,priceStakeAccounts,423,RemoveConditionalMutator_EQUAL_ELSE,NO_COVERAGE
systems.glam.sdk.GlamStagingAccountClientImpl,priceStakeAccounts,423,RemoveConditionalMutator_EQUAL_IF,NO_COVERAGE
systems.glam.sdk.GlamStagingAccountClientImpl,priceVaultTokens,169,NullReturnValsMutator,NO_COVERAGE
systems.glam.sdk.GlamStagingAccountClientImpl,priceVaultTokens,179,RemoveConditionalMutator_EQUAL_ELSE,NO_COVERAGE
systems.glam.sdk.GlamStagingAccountClientImpl,priceVaultTokens,179,RemoveConditionalMutator_EQUAL_IF,NO_COVERAGE
systems.glam.sdk.GlamStagingAccountClientImpl,transferTokenChecked,80,NullReturnValsMutator,NO_COVERAGE
systems.glam.sdk.GlamStagingAccountClientImpl,validateAum,116,NullReturnValsMutator,NO_COVERAGE
systems.glam.sdk.GlamStagingAccountClientImpl,validateAum,120,RemoveConditionalMutator_EQUAL_ELSE,NO_COVERAGE
systems.glam.sdk.GlamStagingAccountClientImpl,validateAum,120,RemoveConditionalMutator_EQUAL_IF,NO_COVERAGE
systems.glam.sdk.GlamVaultAccounts,createMapper,74,NullReturnValsMutator,NO_COVERAGE
systems.glam.sdk.GlamVaultAccounts,createMapper,84,NullReturnValsMutator,NO_COVERAGE
systems.glam.sdk.GlamVaultAccounts,lambda$loadMappingConfigs$0,53,BooleanFalseReturnValsMutator,NO_COVERAGE
systems.glam.sdk.GlamVaultAccounts,lambda$loadMappingConfigs$0,53,BooleanTrueReturnValsMutator,NO_COVERAGE
systems.glam.sdk.GlamVaultAccounts,lambda$loadMappingConfigs$1,55,BooleanFalseReturnValsMutator,NO_COVERAGE
systems.glam.sdk.GlamVaultAccounts,lambda$loadMappingConfigs$1,55,BooleanTrueReturnValsMutator,NO_COVERAGE
systems.glam.sdk.GlamVaultAccounts,lambda$loadMappingConfigs$2,59,NullReturnValsMutator,NO_COVERAGE
systems.glam.sdk.GlamVaultAccounts,loadMappingConfigs,52,EmptyObjectReturnValsMutator,NO_COVERAGE
systems.glam.sdk.StagingStateAccountClientImpl,assets,58,NullReturnValsMutator,NO_COVERAGE
systems.glam.sdk.StagingStateAccountClientImpl,baseAssetDecimals,48,PrimitiveReturnsMutator,NO_COVERAGE
systems.glam.sdk.StagingStateAccountClientImpl,baseAssetMint,38,NullReturnValsMutator,NO_COVERAGE
systems.glam.sdk.StagingStateAccountClientImpl,baseAssetTokenProgram,43,NullReturnValsMutator,NO_COVERAGE
systems.glam.sdk.StagingStateAccountClientImpl,externalPositions,53,NullReturnValsMutator,NO_COVERAGE
systems.glam.sdk.StagingStateAccountClientImpl,lambda$new$0,25,RemoveConditionalMutator_EQUAL_ELSE,NO_COVERAGE
systems.glam.sdk.StagingStateAccountClientImpl,lambda$new$0,25,RemoveConditionalMutator_EQUAL_IF,NO_COVERAGE
systems.glam.sdk.StagingStateAccountClientImpl,lambda$new$0,26,VoidMethodCallMutator,NO_COVERAGE
systems.glam.sdk.StagingStateAccountClientImpl,mint,33,NullReturnValsMutator,NO_COVERAGE
systems.glam.sdk.StagingStateAccountClientImpl,protocolBitmask,88,RemoveConditionalMutator_EQUAL_ELSE,NO_COVERAGE
systems.glam.sdk.StagingStateAccountClientImpl,protocolBitmask,88,RemoveConditionalMutator_EQUAL_IF,NO_COVERAGE
systems.glam.sdk.StagingStateAccountClientImpl,protocolBitmask,89,PrimitiveReturnsMutator,NO_COVERAGE
systems.glam.sdk.StagingStateAccountClientImpl,redeemCancellationWindow,73,PrimitiveReturnsMutator,NO_COVERAGE
systems.glam.sdk.StagingStateAccountClientImpl,redeemNoticePeriod,63,PrimitiveReturnsMutator,NO_COVERAGE
systems.glam.sdk.StagingStateAccountClientImpl,redeemSettlementPeriod,68,PrimitiveReturnsMutator,NO_COVERAGE
systems.glam.sdk.StagingStateAccountClientImpl,redeemWindowInSeconds,78,BooleanTrueReturnValsMutator,NO_COVERAGE
systems.glam.sdk.StagingStateAccountClientImpl,redeemWindowInSeconds,78,RemoveConditionalMutator_EQUAL_ELSE,NO_COVERAGE
systems.glam.sdk.StagingStateAccountClientImpl,redeemWindowInSeconds,78,RemoveConditionalMutator_EQUAL_IF,NO_COVERAGE
systems.glam.sdk.StagingStateAccountClientImpl,softRedeem,83,BooleanTrueReturnValsMutator,NO_COVERAGE
systems.glam.sdk.StagingStateAccountClientImpl,softRedeem,83,RemoveConditionalMutator_EQUAL_ELSE,NO_COVERAGE
systems.glam.sdk.StagingStateAccountClientImpl,softRedeem,83,RemoveConditionalMutator_EQUAL_IF,NO_COVERAGE
systems.glam.sdk.StateAccountClient,createClient,55,RemoveConditionalMutator_EQUAL_IF,SURVIVED
systems.glam.sdk.StateAccountClientImpl,protocolBitmask,88,RemoveConditionalMutator_EQUAL_IF,SURVIVED
systems.glam.sdk.idl.programs.glam.jupiter.GlamJupiterProgramClient,fixCPICallerRights,31,ConditionalsBoundaryMutator,SURVIVED
systems.glam.sdk.idl.programs.glam.jupiter.GlamJupiterProgramClient,fixCPICallerRights,31,RemoveConditionalMutator_ORDER_IF,SURVIVED
systems.glam.sdk.idl.programs.glam.jupiter.GlamJupiterProgramClient,swapChecked,72,EmptyObjectReturnValsMutator,NO_COVERAGE
systems.glam.sdk.idl.programs.glam.jupiter.GlamJupiterProgramClient,swapChecked,87,EmptyObjectReturnValsMutator,NO_COVERAGE
systems.glam.sdk.idl.programs.glam.jupiter.GlamJupiterProgramClient,swapChecked,94,EmptyObjectReturnValsMutator,NO_COVERAGE
systems.glam.sdk.idl.programs.glam.jupiter.GlamJupiterProgramClient,swapUnchecked,132,EmptyObjectReturnValsMutator,NO_COVERAGE
systems.glam.sdk.idl.programs.glam.jupiter.GlamJupiterProgramClient,swapUnchecked,147,EmptyObjectReturnValsMutator,NO_COVERAGE
systems.glam.sdk.idl.programs.glam.jupiter.GlamJupiterProgramClient,swapUnchecked,155,EmptyObjectReturnValsMutator,NO_COVERAGE
systems.glam.sdk.idl.programs.glam.jupiter.GlamJupiterProgramClient,swapUncheckedAndNoWrap,107,NullReturnValsMutator,NO_COVERAGE
systems.glam.sdk.idl.programs.glam.jupiter.GlamJupiterProgramClient,swapUncheckedAndNoWrap,118,NullReturnValsMutator,NO_COVERAGE
systems.glam.sdk.idl.programs.glam.jupiter.GlamJupiterProgramClient,swapWithProgramStateChecked,183,EmptyObjectReturnValsMutator,NO_COVERAGE
systems.glam.sdk.idl.programs.glam.jupiter.GlamJupiterProgramClient,swapWithProgramStateChecked,196,EmptyObjectReturnValsMutator,NO_COVERAGE
systems.glam.sdk.idl.programs.glam.jupiter.GlamJupiterProgramClient,swapWithProgramStateUnchecked,229,EmptyObjectReturnValsMutator,NO_COVERAGE
systems.glam.sdk.idl.programs.glam.jupiter.GlamJupiterProgramClient,swapWithProgramStateUnchecked,243,EmptyObjectReturnValsMutator,NO_COVERAGE
systems.glam.sdk.idl.programs.glam.jupiter.GlamJupiterProgramClient,swapWithProgramStateUncheckedAndNoWrap,168,NullReturnValsMutator,NO_COVERAGE
systems.glam.sdk.idl.programs.glam.jupiter.GlamJupiterProgramClientImpl,createSwapTokenAccountsIdempotent,191,RemoveConditionalMutator_EQUAL_IF,SURVIVED
systems.glam.sdk.idl.programs.glam.jupiter.GlamJupiterProgramClientImpl,createSwapTokenAccountsIdempotent,201,EmptyObjectReturnValsMutator,NO_COVERAGE
systems.glam.sdk.idl.programs.glam.jupiter.GlamJupiterProgramClientImpl,jupiterSwap,170,NullReturnValsMutator,NO_COVERAGE
systems.glam.sdk.idl.programs.glam.jupiter.GlamJupiterProgramClientImpl,swapChecked,128,RemoveConditionalMutator_EQUAL_IF,SURVIVED
systems.glam.sdk.idl.programs.glam.jupiter.GlamJupiterProgramClientImpl,swapUnchecked,145,RemoveConditionalMutator_EQUAL_IF,SURVIVED
systems.glam.sdk.idl.programs.glam.jupiter.GlamJupiterProgramClientImpl,swapWithProgramStateChecked,226,RemoveConditionalMutator_EQUAL_ELSE,NO_COVERAGE
systems.glam.sdk.idl.programs.glam.jupiter.GlamJupiterProgramClientImpl,swapWithProgramStateChecked,226,RemoveConditionalMutator_EQUAL_IF,NO_COVERAGE
systems.glam.sdk.idl.programs.glam.jupiter.GlamJupiterProgramClientImpl,swapWithProgramStateChecked,227,EmptyObjectReturnValsMutator,NO_COVERAGE
systems.glam.sdk.idl.programs.glam.jupiter.GlamJupiterProgramClientImpl,swapWithProgramStateChecked,237,EmptyObjectReturnValsMutator,NO_COVERAGE
systems.glam.sdk.idl.programs.glam.jupiter.GlamJupiterProgramClientImpl,swapWithProgramStateUnchecked,271,RemoveConditionalMutator_EQUAL_ELSE,NO_COVERAGE
systems.glam.sdk.idl.programs.glam.jupiter.GlamJupiterProgramClientImpl,swapWithProgramStateUnchecked,271,RemoveConditionalMutator_EQUAL_IF,NO_COVERAGE
systems.glam.sdk.idl.programs.glam.jupiter.GlamJupiterProgramClientImpl,swapWithProgramStateUnchecked,273,EmptyObjectReturnValsMutator,NO_COVERAGE
systems.glam.sdk.idl.programs.glam.jupiter.GlamJupiterProgramClientImpl,swapWithProgramStateUnchecked,279,EmptyObjectReturnValsMutator,NO_COVERAGE
systems.glam.sdk.idl.programs.glam.jupiter.GlamJupiterProgramClientImpl,swapWithProgramStateUncheckedAndNoWrap,249,NullReturnValsMutator,NO_COVERAGE
systems.glam.sdk.idl.programs.glam.jupiter.JupiterSwapContext$Builder,inputProgramStateKey,68,NullReturnValsMutator,NO_COVERAGE
systems.glam.sdk.idl.programs.glam.jupiter.JupiterSwapContext$Builder,outputProgramStateKey,88,NullReturnValsMutator,NO_COVERAGE
systems.glam.sdk.lut.VaultTableBuilder$Builder,create,144,NullReturnValsMutator,NO_COVERAGE
systems.glam.sdk.lut.VaultTableBuilder$Builder,create,152,RemoveConditionalMutator_EQUAL_IF,SURVIVED
systems.glam.sdk.lut.VaultTableBuilder$Builder,create,169,RemoveConditionalMutator_EQUAL_ELSE,SURVIVED
systems.glam.sdk.lut.VaultTableBuilder$Builder,jupiterAccounts,108,NullReturnValsMutator,NO_COVERAGE
systems.glam.sdk.lut.VaultTableBuilder$Builder,kaminoAccounts,117,NullReturnValsMutator,NO_COVERAGE
systems.glam.sdk.lut.VaultTableBuilder$Builder,marinadeAccounts,126,NullReturnValsMutator,NO_COVERAGE
systems.glam.sdk.lut.VaultTableBuilder$Builder,meteorAccounts,135,NullReturnValsMutator,NO_COVERAGE
systems.glam.sdk.lut.VaultTableBuilder,addAccounts,41,VoidMethodCallMutator,NO_COVERAGE
systems.glam.sdk.lut.VaultTableBuilder,addAccounts,42,VoidMethodCallMutator,NO_COVERAGE
systems.glam.sdk.lut.VaultTableBuilder,addAccounts,44,RemoveConditionalMutator_EQUAL_ELSE,NO_COVERAGE
systems.glam.sdk.lut.VaultTableBuilder,addAccounts,44,RemoveConditionalMutator_EQUAL_IF,NO_COVERAGE
systems.glam.sdk.lut.VaultTableBuilder,addAccounts,45,VoidMethodCallMutator,NO_COVERAGE
systems.glam.sdk.lut.VaultTableBuilder,addAccounts,47,RemoveConditionalMutator_EQUAL_ELSE,NO_COVERAGE
systems.glam.sdk.lut.VaultTableBuilder,addAccounts,47,RemoveConditionalMutator_EQUAL_IF,NO_COVERAGE
systems.glam.sdk.lut.VaultTableBuilder,addAccounts,48,VoidMethodCallMutator,NO_COVERAGE
systems.glam.sdk.lut.VaultTableBuilder,addAccounts,50,RemoveConditionalMutator_EQUAL_ELSE,NO_COVERAGE
systems.glam.sdk.lut.VaultTableBuilder,addAccounts,50,RemoveConditionalMutator_EQUAL_IF,NO_COVERAGE
systems.glam.sdk.lut.VaultTableBuilder,addAccounts,51,VoidMethodCallMutator,NO_COVERAGE
systems.glam.sdk.lut.VaultTableBuilder,addAccountsSecondPhase,63,VoidMethodCallMutator,NO_COVERAGE
systems.glam.sdk.lut.VaultTableBuilder,addAccountsSecondPhase,64,VoidMethodCallMutator,NO_COVERAGE
systems.glam.sdk.lut.VaultTableBuilder,fetchAccountsNeeded,36,NullReturnValsMutator,NO_COVERAGE
systems.glam.sdk.lut.VaultTableBuilder,fetchSecondPhaseAccountsNeeded,59,NullReturnValsMutator,NO_COVERAGE
systems.glam.sdk.lut.VaultTableBuilder,lambda$mapKaminoVaultStatesByMint$0,27,NullReturnValsMutator,NO_COVERAGE
systems.glam.sdk.lut.VaultTableBuilder,mapKaminoVaultStatesByMint,27,EmptyObjectReturnValsMutator,NO_COVERAGE
systems.glam.sdk.lut.VaultTableBuilder,removeExternalProtocolTableAccounts,70,VoidMethodCallMutator,NO_COVERAGE
systems.glam.sdk.lut.VaultTableBuilder,removeExternalProtocolTableAccounts,71,VoidMethodCallMutator,NO_COVERAGE
systems.glam.sdk.lut.VaultTableBuilderImpl,add,56,VoidMethodCallMutator,NO_COVERAGE
systems.glam.sdk.lut.VaultTableBuilderImpl,addAccount,50,RemoveConditionalMutator_EQUAL_ELSE,NO_COVERAGE
systems.glam.sdk.lut.VaultTableBuilderImpl,addAccount,50,RemoveConditionalMutator_EQUAL_IF,NO_COVERAGE
systems.glam.sdk.lut.VaultTableBuilderImpl,addGlamVaultAccounts,188,VoidMethodCallMutator,NO_COVERAGE
systems.glam.sdk.lut.VaultTableBuilderImpl,addGlamVaultAccounts,189,VoidMethodCallMutator,NO_COVERAGE
systems.glam.sdk.lut.VaultTableBuilderImpl,addGlamVaultAccounts,190,VoidMethodCallMutator,NO_COVERAGE
systems.glam.sdk.lut.VaultTableBuilderImpl,addGlamVaultAccounts,192,RemoveConditionalMutator_EQUAL_ELSE,NO_COVERAGE
systems.glam.sdk.lut.VaultTableBuilderImpl,addGlamVaultAccounts,192,RemoveConditionalMutator_EQUAL_IF,NO_COVERAGE
systems.glam.sdk.lut.VaultTableBuilderImpl,addGlamVaultAccounts,193,VoidMethodCallMutator,NO_COVERAGE
systems.glam.sdk.lut.VaultTableBuilderImpl,addGlamVaultAccounts,194,VoidMethodCallMutator,NO_COVERAGE
systems.glam.sdk.lut.VaultTableBuilderImpl,addGlamVaultAccounts,195,VoidMethodCallMutator,NO_COVERAGE
systems.glam.sdk.lut.VaultTableBuilderImpl,addGlamVaultAccounts,197,VoidMethodCallMutator,NO_COVERAGE
systems.glam.sdk.lut.VaultTableBuilderImpl,addGlamVaultAccounts,202,VoidMethodCallMutator,NO_COVERAGE
systems.glam.sdk.lut.VaultTableBuilderImpl,addGlamVaultAccounts,204,VoidMethodCallMutator,NO_COVERAGE
systems.glam.sdk.lut.VaultTableBuilderImpl,addGlamVaultTokens,216,RemoveConditionalMutator_EQUAL_ELSE,NO_COVERAGE
systems.glam.sdk.lut.VaultTableBuilderImpl,addGlamVaultTokens,216,RemoveConditionalMutator_EQUAL_IF,NO_COVERAGE
systems.glam.sdk.lut.VaultTableBuilderImpl,addGlamVaultTokens,220,RemoveConditionalMutator_EQUAL_ELSE,NO_COVERAGE
systems.glam.sdk.lut.VaultTableBuilderImpl,addGlamVaultTokens,220,RemoveConditionalMutator_EQUAL_IF,NO_COVERAGE
systems.glam.sdk.lut.VaultTableBuilderImpl,addGlamVaultTokens,223,VoidMethodCallMutator,NO_COVERAGE
systems.glam.sdk.lut.VaultTableBuilderImpl,addGlamVaultTokens,225,RemoveConditionalMutator_EQUAL_ELSE,NO_COVERAGE
systems.glam.sdk.lut.VaultTableBuilderImpl,addGlamVaultTokens,225,RemoveConditionalMutator_EQUAL_IF,NO_COVERAGE
systems.glam.sdk.lut.VaultTableBuilderImpl,addGlamVaultTokens,231,VoidMethodCallMutator,NO_COVERAGE
systems.glam.sdk.lut.VaultTableBuilderImpl,addJupiterSwapAccounts,245,VoidMethodCallMutator,NO_COVERAGE
systems.glam.sdk.lut.VaultTableBuilderImpl,addJupiterSwapAccounts,246,VoidMethodCallMutator,NO_COVERAGE
systems.glam.sdk.lut.VaultTableBuilderImpl,addKFarmAccounts,251,VoidMethodCallMutator,NO_COVERAGE
systems.glam.sdk.lut.VaultTableBuilderImpl,addKaminoAccountsSecondPhase,298,VoidMethodCallMutator,NO_COVERAGE
systems.glam.sdk.lut.VaultTableBuilderImpl,addKaminoAccountsSecondPhase,310,RemoveConditionalMutator_EQUAL_ELSE,NO_COVERAGE
systems.glam.sdk.lut.VaultTableBuilderImpl,addKaminoAccountsSecondPhase,310,RemoveConditionalMutator_EQUAL_IF,NO_COVERAGE
systems.glam.sdk.lut.VaultTableBuilderImpl,addKaminoAccountsSecondPhase,312,VoidMethodCallMutator,NO_COVERAGE
systems.glam.sdk.lut.VaultTableBuilderImpl,addKaminoAccountsSecondPhase,313,VoidMethodCallMutator,NO_COVERAGE
systems.glam.sdk.lut.VaultTableBuilderImpl,addKaminoAccountsSecondPhase,315,VoidMethodCallMutator,NO_COVERAGE
systems.glam.sdk.lut.VaultTableBuilderImpl,addKaminoAccountsSecondPhase,316,VoidMethodCallMutator,NO_COVERAGE
systems.glam.sdk.lut.VaultTableBuilderImpl,addKaminoLendAccounts,264,VoidMethodCallMutator,NO_COVERAGE
systems.glam.sdk.lut.VaultTableBuilderImpl,addKaminoLendAccounts,265,VoidMethodCallMutator,NO_COVERAGE
systems.glam.sdk.lut.VaultTableBuilderImpl,addKaminoLendAccounts,273,RemoveConditionalMutator_EQUAL_ELSE,NO_COVERAGE
systems.glam.sdk.lut.VaultTableBuilderImpl,addKaminoLendAccounts,273,RemoveConditionalMutator_EQUAL_IF,NO_COVERAGE
systems.glam.sdk.lut.VaultTableBuilderImpl,addKaminoLendAccounts,274,RemoveConditionalMutator_EQUAL_ELSE,NO_COVERAGE
systems.glam.sdk.lut.VaultTableBuilderImpl,addKaminoLendAccounts,274,RemoveConditionalMutator_EQUAL_IF,NO_COVERAGE
systems.glam.sdk.lut.VaultTableBuilderImpl,addKaminoLendAccounts,275,RemoveConditionalMutator_EQUAL_ELSE,NO_COVERAGE
systems.glam.sdk.lut.VaultTableBuilderImpl,addKaminoLendAccounts,275,RemoveConditionalMutator_EQUAL_IF,NO_COVERAGE
systems.glam.sdk.lut.VaultTableBuilderImpl,addKaminoLendAccounts,276,RemoveConditionalMutator_EQUAL_ELSE,NO_COVERAGE
systems.glam.sdk.lut.VaultTableBuilderImpl,addKaminoLendAccounts,276,RemoveConditionalMutator_EQUAL_IF,NO_COVERAGE
systems.glam.sdk.lut.VaultTableBuilderImpl,addKaminoLendAccounts,281,VoidMethodCallMutator,NO_COVERAGE
systems.glam.sdk.lut.VaultTableBuilderImpl,addKaminoLendAccounts,283,VoidMethodCallMutator,NO_COVERAGE
systems.glam.sdk.lut.VaultTableBuilderImpl,addKaminoLendAccounts,285,VoidMethodCallMutator,NO_COVERAGE
systems.glam.sdk.lut.VaultTableBuilderImpl,addKaminoLendAccounts,287,VoidMethodCallMutator,NO_COVERAGE
systems.glam.sdk.lut.VaultTableBuilderImpl,addKaminoLendAccounts,290,VoidMethodCallMutator,NO_COVERAGE
systems.glam.sdk.lut.VaultTableBuilderImpl,addKaminoVaultAccounts,331,VoidMethodCallMutator,NO_COVERAGE
systems.glam.sdk.lut.VaultTableBuilderImpl,addKaminoVaultAccounts,333,VoidMethodCallMutator,NO_COVERAGE
systems.glam.sdk.lut.VaultTableBuilderImpl,addKaminoVaultAccounts,334,VoidMethodCallMutator,NO_COVERAGE
systems.glam.sdk.lut.VaultTableBuilderImpl,addKaminoVaultAccounts,336,VoidMethodCallMutator,NO_COVERAGE
systems.glam.sdk.lut.VaultTableBuilderImpl,addKaminoVaultAccounts,343,RemoveConditionalMutator_EQUAL_ELSE,NO_COVERAGE
systems.glam.sdk.lut.VaultTableBuilderImpl,addKaminoVaultAccounts,343,RemoveConditionalMutator_EQUAL_IF,NO_COVERAGE
systems.glam.sdk.lut.VaultTableBuilderImpl,addKaminoVaultAccounts,347,RemoveConditionalMutator_EQUAL_ELSE,NO_COVERAGE
systems.glam.sdk.lut.VaultTableBuilderImpl,addKaminoVaultAccounts,347,RemoveConditionalMutator_EQUAL_IF,NO_COVERAGE
systems.glam.sdk.lut.VaultTableBuilderImpl,addKaminoVaultAccounts,352,RemoveConditionalMutator_EQUAL_ELSE,NO_COVERAGE
systems.glam.sdk.lut.VaultTableBuilderImpl,addKaminoVaultAccounts,352,RemoveConditionalMutator_EQUAL_IF,NO_COVERAGE
systems.glam.sdk.lut.VaultTableBuilderImpl,addKaminoVaultAccounts,356,VoidMethodCallMutator,NO_COVERAGE
systems.glam.sdk.lut.VaultTableBuilderImpl,addKaminoVaultAccounts,359,VoidMethodCallMutator,NO_COVERAGE
systems.glam.sdk.lut.VaultTableBuilderImpl,addKaminoVaultAccounts,363,VoidMethodCallMutator,NO_COVERAGE
systems.glam.sdk.lut.VaultTableBuilderImpl,addKaminoVaultAccounts,364,VoidMethodCallMutator,NO_COVERAGE
systems.glam.sdk.lut.VaultTableBuilderImpl,addKaminoVaultAccounts,365,VoidMethodCallMutator,NO_COVERAGE
systems.glam.sdk.lut.VaultTableBuilderImpl,addKaminoVaultAccounts,366,VoidMethodCallMutator,NO_COVERAGE
systems.glam.sdk.lut.VaultTableBuilderImpl,addKaminoVaultAccounts,367,VoidMethodCallMutator,NO_COVERAGE
systems.glam.sdk.lut.VaultTableBuilderImpl,addKaminoVaultAccounts,368,VoidMethodCallMutator,NO_COVERAGE
systems.glam.sdk.lut.VaultTableBuilderImpl,addKaminoVaultAccounts,370,VoidMethodCallMutator,NO_COVERAGE
systems.glam.sdk.lut.VaultTableBuilderImpl,addKaminoVaultAccountsSecondPhase,398,RemoveConditionalMutator_EQUAL_ELSE,NO_COVERAGE
systems.glam.sdk.lut.VaultTableBuilderImpl,addKaminoVaultAccountsSecondPhase,398,RemoveConditionalMutator_EQUAL_IF,NO_COVERAGE
systems.glam.sdk.lut.VaultTableBuilderImpl,addKaminoVaultAccountsSecondPhase,400,RemoveConditionalMutator_EQUAL_ELSE,NO_COVERAGE
systems.glam.sdk.lut.VaultTableBuilderImpl,addKaminoVaultAccountsSecondPhase,400,RemoveConditionalMutator_EQUAL_IF,NO_COVERAGE
systems.glam.sdk.lut.VaultTableBuilderImpl,addKaminoVaultAccountsSecondPhase,406,VoidMethodCallMutator,NO_COVERAGE
systems.glam.sdk.lut.VaultTableBuilderImpl,addKaminoVaultAccountsSecondPhase,407,VoidMethodCallMutator,NO_COVERAGE
systems.glam.sdk.lut.VaultTableBuilderImpl,addKaminoVaultAccountsSecondPhase,408,RemoveConditionalMutator_EQUAL_ELSE,NO_COVERAGE
systems.glam.sdk.lut.VaultTableBuilderImpl,addKaminoVaultAccountsSecondPhase,408,RemoveConditionalMutator_EQUAL_IF,NO_COVERAGE
systems.glam.sdk.lut.VaultTableBuilderImpl,addKaminoVaultAccountsSecondPhase,409,VoidMethodCallMutator,NO_COVERAGE
systems.glam.sdk.lut.VaultTableBuilderImpl,addKaminoVaultAccountsSecondPhase,410,VoidMethodCallMutator,NO_COVERAGE
systems.glam.sdk.lut.VaultTableBuilderImpl,addSecondPhase,60,VoidMethodCallMutator,NO_COVERAGE
systems.glam.sdk.lut.VaultTableBuilderImpl,batchTableTasks,119,RemoveConditionalMutator_EQUAL_ELSE,SURVIVED
systems.glam.sdk.lut.VaultTableBuilderImpl,batchTableTasks,127,MathMutator,SURVIVED
systems.glam.sdk.lut.VaultTableBuilderImpl,batchTableTasks,173,MathMutator,SURVIVED
systems.glam.sdk.lut.VaultTableBuilderImpl,fetchGlamVaultTables,78,MathMutator,NO_COVERAGE
systems.glam.sdk.lut.VaultTableBuilderImpl,fetchGlamVaultTables,81,MathMutator,NO_COVERAGE
systems.glam.sdk.lut.VaultTableBuilderImpl,fetchGlamVaultTables,83,NullReturnValsMutator,NO_COVERAGE
systems.glam.sdk.lut.VaultTableBuilderImpl,lambda$addKaminoAccountsSecondPhase$0,301,ConditionalsBoundaryMutator,NO_COVERAGE
systems.glam.sdk.lut.VaultTableBuilderImpl,lambda$addKaminoAccountsSecondPhase$0,301,IncrementsMutator,NO_COVERAGE
systems.glam.sdk.lut.VaultTableBuilderImpl,lambda$addKaminoAccountsSecondPhase$0,301,RemoveConditionalMutator_ORDER_ELSE,NO_COVERAGE
systems.glam.sdk.lut.VaultTableBuilderImpl,lambda$addKaminoAccountsSecondPhase$0,301,RemoveConditionalMutator_ORDER_IF,NO_COVERAGE
systems.glam.sdk.lut.VaultTableBuilderImpl,lambda$addKaminoAccountsSecondPhase$0,302,VoidMethodCallMutator,NO_COVERAGE
systems.glam.sdk.lut.VaultTableBuilderImpl,lambda$addKaminoAccountsSecondPhase$0,304,ConditionalsBoundaryMutator,NO_COVERAGE
systems.glam.sdk.lut.VaultTableBuilderImpl,lambda$addKaminoAccountsSecondPhase$0,304,IncrementsMutator,NO_COVERAGE
systems.glam.sdk.lut.VaultTableBuilderImpl,lambda$addKaminoAccountsSecondPhase$0,304,RemoveConditionalMutator_ORDER_ELSE,NO_COVERAGE
systems.glam.sdk.lut.VaultTableBuilderImpl,lambda$addKaminoAccountsSecondPhase$0,304,RemoveConditionalMutator_ORDER_IF,NO_COVERAGE
systems.glam.sdk.lut.VaultTableBuilderImpl,lambda$addKaminoAccountsSecondPhase$0,305,VoidMethodCallMutator,NO_COVERAGE
systems.glam.sdk.lut.VaultTableBuilderImpl,lambda$addKaminoVaultAccountsSecondPhase$0,387,RemoveConditionalMutator_EQUAL_ELSE,NO_COVERAGE
systems.glam.sdk.lut.VaultTableBuilderImpl,lambda$addKaminoVaultAccountsSecondPhase$0,387,RemoveConditionalMutator_EQUAL_IF,NO_COVERAGE
systems.glam.sdk.lut.VaultTableBuilderImpl,lambda$addKaminoVaultAccountsSecondPhase$0,389,RemoveConditionalMutator_EQUAL_ELSE,NO_COVERAGE
systems.glam.sdk.lut.VaultTableBuilderImpl,lambda$addKaminoVaultAccountsSecondPhase$0,389,RemoveConditionalMutator_EQUAL_IF,NO_COVERAGE
systems.glam.sdk.lut.VaultTableBuilderImpl,lambda$addKaminoVaultAccountsSecondPhase$0,390,VoidMethodCallMutator,NO_COVERAGE
systems.glam.sdk.lut.VaultTableBuilderImpl,lambda$addKaminoVaultAccountsSecondPhase$1,393,NullReturnValsMutator,NO_COVERAGE
systems.glam.sdk.lut.VaultTableBuilderImpl,lambda$fetchGlamVaultTables$0,89,EmptyObjectReturnValsMutator,NO_COVERAGE
systems.glam.sdk.lut.VaultTableBuilderImpl,lambda$fetchGlamVaultTables$1,90,NullReturnValsMutator,NO_COVERAGE
systems.glam.sdk.lut.VaultTableBuilderImpl,lambda$main$0,487,NullReturnValsMutator,NO_COVERAGE
systems.glam.sdk.lut.VaultTableBuilderImpl,lambda$mapTable$0,68,BooleanTrueReturnValsMutator,NO_COVERAGE
systems.glam.sdk.lut.VaultTableBuilderImpl,lambda$mapTable$0,68,RemoveConditionalMutator_EQUAL_ELSE,NO_COVERAGE
systems.glam.sdk.lut.VaultTableBuilderImpl,lambda$mapTable$0,68,RemoveConditionalMutator_EQUAL_IF,NO_COVERAGE
systems.glam.sdk.lut.VaultTableBuilderImpl,lambda$mapTable$1,70,NullReturnValsMutator,NO_COVERAGE
systems.glam.sdk.lut.VaultTableBuilderImpl,main,418,ConditionalsBoundaryMutator,NO_COVERAGE
systems.glam.sdk.lut.VaultTableBuilderImpl,main,418,RemoveConditionalMutator_ORDER_ELSE,NO_COVERAGE
systems.glam.sdk.lut.VaultTableBuilderImpl,main,418,RemoveConditionalMutator_ORDER_IF,NO_COVERAGE
systems.glam.sdk.lut.VaultTableBuilderImpl,main,450,VoidMethodCallMutator,NO_COVERAGE
systems.glam.sdk.lut.VaultTableBuilderImpl,main,453,VoidMethodCallMutator,NO_COVERAGE
systems.glam.sdk.lut.VaultTableBuilderImpl,main,455,VoidMethodCallMutator,NO_COVERAGE
systems.glam.sdk.lut.VaultTableBuilderImpl,main,472,ConditionalsBoundaryMutator,NO_COVERAGE
systems.glam.sdk.lut.VaultTableBuilderImpl,main,472,RemoveConditionalMutator_EQUAL_ELSE,NO_COVERAGE
systems.glam.sdk.lut.VaultTableBuilderImpl,main,472,RemoveConditionalMutator_EQUAL_IF,NO_COVERAGE
systems.glam.sdk.lut.VaultTableBuilderImpl,main,472,RemoveConditionalMutator_ORDER_ELSE,NO_COVERAGE
systems.glam.sdk.lut.VaultTableBuilderImpl,main,472,RemoveConditionalMutator_ORDER_IF,NO_COVERAGE
systems.glam.sdk.lut.VaultTableBuilderImpl,main,479,RemoveConditionalMutator_EQUAL_ELSE,NO_COVERAGE
systems.glam.sdk.lut.VaultTableBuilderImpl,main,479,RemoveConditionalMutator_EQUAL_IF,NO_COVERAGE
systems.glam.sdk.lut.VaultTableBuilderImpl,main,499,VoidMethodCallMutator,NO_COVERAGE
systems.glam.sdk.lut.VaultTableBuilderImpl,main,500,VoidMethodCallMutator,NO_COVERAGE
systems.glam.sdk.lut.VaultTableBuilderImpl,main,503,VoidMethodCallMutator,NO_COVERAGE
systems.glam.sdk.lut.VaultTableBuilderImpl,main,506,RemoveConditionalMutator_EQUAL_ELSE,NO_COVERAGE
systems.glam.sdk.lut.VaultTableBuilderImpl,main,506,RemoveConditionalMutator_EQUAL_IF,NO_COVERAGE
systems.glam.sdk.lut.VaultTableBuilderImpl,mapTable,64,RemoveConditionalMutator_EQUAL_ELSE,NO_COVERAGE
systems.glam.sdk.lut.VaultTableBuilderImpl,mapTable,64,RemoveConditionalMutator_EQUAL_IF,NO_COVERAGE
systems.glam.sdk.lut.VaultTableBuilderImpl,mapTable,67,NullReturnValsMutator,NO_COVERAGE
systems.glam.sdk.lut.VaultTableBuilderImpl,removeKaminoLendTableAccounts,258,VoidMethodCallMutator,NO_COVERAGE
systems.glam.sdk.lut.VaultTableBuilderImpl,removeKaminoVaultTableAccounts,323,VoidMethodCallMutator,NO_COVERAGE
systems.glam.sdk.proxy.CachedDynamicGlamAccountFactory,apply,20,SwitchMutator,NO_COVERAGE
systems.glam.sdk.proxy.CachedDynamicGlamAccountFactory,apply,28,RemoveConditionalMutator_EQUAL_ELSE,NO_COVERAGE
systems.glam.sdk.proxy.CachedDynamicGlamAccountFactory,apply,28,RemoveConditionalMutator_EQUAL_IF,NO_COVERAGE
systems.glam.sdk.proxy.CachedDynamicGlamAccountFactory,apply,29,RemoveConditionalMutator_EQUAL_ELSE,NO_COVERAGE
systems.glam.sdk.proxy.CachedDynamicGlamAccountFactory,apply,29,RemoveConditionalMutator_EQUAL_IF,NO_COVERAGE
systems.glam.sdk.proxy.CachedDynamicGlamAccountFactory,apply,30,RemoveConditionalMutator_EQUAL_ELSE,NO_COVERAGE
systems.glam.sdk.proxy.CachedDynamicGlamAccountFactory,apply,30,RemoveConditionalMutator_EQUAL_IF,NO_COVERAGE
systems.glam.sdk.proxy.CachedDynamicGlamAccountFactory,apply,31,RemoveConditionalMutator_EQUAL_ELSE,NO_COVERAGE
systems.glam.sdk.proxy.CachedDynamicGlamAccountFactory,apply,31,RemoveConditionalMutator_EQUAL_IF,NO_COVERAGE
systems.glam.sdk.proxy.CachedDynamicGlamAccountFactory,apply,39,NullReturnValsMutator,NO_COVERAGE
systems.glam.sdk.proxy.CachedDynamicGlamAccountFactory,apply,39,RemoveConditionalMutator_EQUAL_ELSE,NO_COVERAGE
systems.glam.sdk.proxy.CachedDynamicGlamAccountFactory,apply,39,RemoveConditionalMutator_EQUAL_IF,NO_COVERAGE
systems.glam.sdk.proxy.DynamicGlamAccountFactory,createFactory,18,NullReturnValsMutator,NO_COVERAGE
